sample,shape,mask_bytes,foreground_px,foreground_pct,maskel_baseline_mb,sk_zhang_baseline_mb,sk_lee_baseline_mb,vv_lee_baseline_mb,maskel_peak_mb,sk_zhang_peak_mb,sk_lee_peak_mb,vv_lee_peak_mb,maskel_delta_mb,sk_zhang_delta_mb,sk_lee_delta_mb,vv_lee_delta_mb,maskel_wall_time_s,sk_zhang_wall_time_s,sk_lee_wall_time_s,vv_lee_wall_time_s
01_dr,"(2336, 3504)",8185344,416282,5.086,241.84,137.9,137.88,203.43,273.2,161.54,171.57,256.49,31.36,23.64,33.69,53.06,0.184,0.531,1.448,1.385
01_g,"(2336, 3504)",8185344,547632,6.69,175.98,138.03,138.04,203.83,203.27,161.66,171.84,265.25,27.3,23.64,33.8,61.42,0.16,0.296,0.94,1.25
01_h,"(2336, 3504)",8185344,833888,10.188,175.97,137.97,137.76,203.92,203.59,161.61,171.84,284.2,27.62,23.64,34.08,80.27,0.184,0.296,0.851,1.664
02_dr,"(2336, 3504)",8185344,521878,6.376,176.09,137.8,137.84,203.6,206.7,162.8,171.6,263.59,30.62,25.0,33.76,60.0,0.176,0.393,1.109,0.983
02_g,"(2336, 3504)",8185344,609722,7.449,175.89,138.04,137.91,203.79,202.55,161.68,171.98,269.59,26.66,23.64,34.07,65.8,0.15,0.249,0.698,1.207
02_h,"(2336, 3504)",8185344,808438,9.877,176.04,138.08,137.82,202.75,202.04,161.72,171.63,282.32,26.0,23.64,33.82,79.56,0.173,0.276,0.764,1.414
03_dr,"(2336, 3504)",8185344,494400,6.04,176.06,137.89,138.0,204.21,203.74,161.53,171.78,262.12,27.68,23.64,33.78,57.92,0.157,0.235,0.655,0.725
03_g,"(2336, 3504)",8185344,472735,5.775,176.04,138.41,138.2,204.02,201.73,162.05,172.02,260.81,25.7,23.64,33.82,56.79,0.141,0.222,0.616,0.825
03_h,"(2336, 3504)",8185344,864171,10.558,176.16,137.96,138.09,203.28,207.2,161.6,171.88,285.95,31.04,23.64,33.79,82.66,0.196,0.416,1.198,1.861
04_dr,"(2336, 3504)",8185344,462179,5.646,176.03,137.76,137.95,203.4,202.39,161.4,171.67,260.06,26.37,23.64,33.73,56.66,0.155,0.264,0.692,0.9
04_g,"(2336, 3504)",8185344,526916,6.437,176.18,138.01,137.99,202.36,203.15,167.16,171.93,263.68,26.97,29.15,33.94,61.32,0.15,0.228,0.777,0.96
04_h,"(2336, 3504)",8185344,771601,9.427,176.14,137.96,138.08,203.62,205.03,161.59,172.05,279.86,28.89,23.64,33.97,76.24,0.184,0.355,1.204,1.719
05_dr,"(2336, 3504)",8185344,508978,6.218,175.93,138.0,138.19,203.62,201.97,162.02,172.07,262.5,26.05,24.02,33.88,58.88,0.145,0.23,0.756,0.746
05_g,"(2336, 3504)",8185344,535051,6.537,176.02,137.95,138.45,203.62,203.36,161.58,172.14,264.68,27.34,23.64,33.68,61.05,0.163,0.308,0.896,1.02
05_h,"(2336, 3504)",8185344,738786,9.026,175.97,138.09,138.01,203.82,205.16,161.73,171.77,278.1,29.2,23.64,33.77,74.28,0.178,0.323,0.915,1.397
06_dr,"(2336, 3504)",8185344,617966,7.55,176.18,137.98,137.95,201.79,204.5,161.62,172.03,269.43,28.32,23.64,34.08,67.64,0.157,0.267,0.8,1.166
06_g,"(2336, 3504)",8185344,559765,6.839,176.02,138.0,137.88,203.72,204.22,161.64,171.78,266.14,28.2,23.64,33.91,62.42,0.169,0.308,0.917,0.885
06_h,"(2336, 3504)",8185344,829870,10.138,176.2,138.0,138.11,202.18,204.51,167.32,172.25,283.64,28.31,29.32,34.14,81.45,0.179,0.31,0.968,1.656
07_dr,"(2336, 3504)",8185344,636359,7.774,176.11,138.21,137.85,203.98,203.96,161.85,171.88,271.59,27.86,23.64,34.02,67.61,0.168,0.287,0.99,1.264
07_g,"(2336, 3504)",8185344,532784,6.509,176.08,138.13,138.01,204.01,203.03,161.77,172.0,264.35,26.95,23.64,33.99,60.34,0.15,0.265,0.713,0.83
07_h,"(2336, 3504)",8185344,729013,8.906,176.08,138.16,138.09,203.86,204.09,161.8,171.97,277.35,28.01,23.64,33.88,73.48,0.186,0.325,1.008,1.339
08_dr,"(2336, 3504)",8185344,615777,7.523,175.73,137.96,137.93,204.0,204.75,161.6,171.96,270.11,29.02,23.64,34.03,66.11,0.162,0.374,1.04,0.729
08_g,"(2336, 3504)",8185344,555558,6.787,176.12,137.99,137.96,206.01,203.86,161.63,172.0,268.07,27.74,23.64,34.03,62.06,0.131,0.301,0.838,0.838
08_h,"(2336, 3504)",8185344,821627,10.038,176.32,138.25,138.17,204.16,204.41,161.89,172.21,283.68,28.09,23.64,34.04,79.53,0.13,0.284,0.808,1.247
09_dr,"(2336, 3504)",8185344,554447,6.774,176.17,137.86,138.21,204.05,205.07,161.49,172.09,266.21,28.91,23.63,33.88,62.16,0.145,0.348,0.99,0.977
09_g,"(2336, 3504)",8185344,541943,6.621,176.39,138.18,138.44,203.99,202.43,161.82,172.45,265.09,26.04,23.64,34.0,61.11,0.11,0.265,0.782,0.788
09_h,"(2336, 3504)",8185344,636468,7.776,176.36,138.0,137.84,204.38,202.98,161.64,171.8,272.12,26.61,23.64,33.96,67.74,0.126,0.315,0.822,0.747
10_dr,"(2336, 3504)",8185344,714889,8.734,178.24,138.34,138.06,202.55,204.5,161.98,172.18,276.16,26.26,23.64,34.12,73.61,0.135,0.319,0.992,1.034
10_g,"(2336, 3504)",8185344,536598,6.556,177.23,137.73,137.92,204.07,200.3,161.37,171.92,264.73,23.07,23.64,34.0,60.65,0.099,0.222,0.609,0.713
10_h,"(2336, 3504)",8185344,705438,8.618,176.0,138.19,138.07,204.07,201.99,161.82,172.12,276.18,25.99,23.64,34.05,72.11,0.124,0.256,0.909,1.048
11_dr,"(2336, 3504)",8185344,692937,8.466,176.23,138.5,138.02,204.0,204.34,162.14,172.21,275.35,28.11,23.64,34.19,71.35,0.125,0.297,1.02,1.156
11_g,"(2336, 3504)",8185344,625693,7.644,176.05,138.07,137.84,204.02,205.85,162.19,171.92,271.19,29.8,24.12,34.08,67.17,0.162,0.394,1.183,1.301
11_h,"(2336, 3504)",8185344,765355,9.35,176.24,138.03,138.32,204.2,203.94,164.61,172.23,280.04,27.7,26.58,33.91,75.85,0.149,0.343,0.994,1.419
12_dr,"(2336, 3504)",8185344,556724,6.801,176.21,138.03,138.38,204.46,203.26,161.67,172.23,266.41,27.05,23.64,33.85,61.95,0.116,0.276,0.951,1.058
12_g,"(2336, 3504)",8185344,676424,8.264,176.43,138.17,137.93,204.19,203.78,161.82,171.99,274.51,27.34,23.65,34.06,70.32,0.13,0.316,1.061,0.744
12_h,"(2336, 3504)",8185344,859295,10.498,175.89,138.04,137.86,203.96,205.73,161.68,171.82,286.31,29.84,23.64,33.96,82.34,0.139,0.337,1.111,1.24
13_dr,"(2336, 3504)",8185344,559479,6.835,176.27,138.29,138.14,204.12,201.89,167.75,172.07,266.54,25.63,29.46,33.93,62.43,0.121,0.26,0.873,1.046
13_g,"(2336, 3504)",8185344,556981,6.805,176.09,137.92,138.25,204.02,203.55,161.74,172.16,266.3,27.46,23.82,33.91,62.28,0.135,0.293,0.899,1.097
13_h,"(2336, 3504)",8185344,712528,8.705,176.25,137.96,138.11,204.18,203.57,161.61,171.96,277.32,27.32,23.64,33.85,73.14,0.136,0.319,1.02,1.223
14_dr,"(2336, 3504)",8185344,624936,7.635,176.23,138.04,137.95,204.12,206.09,161.68,172.06,271.09,29.86,23.64,34.11,66.97,0.144,0.413,1.397,1.479
14_g,"(2336, 3504)",8185344,578169,7.063,176.3,138.09,138.16,203.86,204.7,169.23,172.25,267.61,28.4,31.15,34.08,63.75,0.141,0.352,1.197,1.152
14_h,"(2336, 3504)",8185344,714054,8.724,175.98,138.25,138.05,204.29,202.57,161.89,171.96,277.16,26.59,23.64,33.91,72.88,0.124,0.269,0.849,1.093
15_dr,"(2336, 3504)",8185344,535043,6.537,176.07,138.12,138.1,204.03,204.11,161.76,171.92,265.09,28.04,23.64,33.82,61.06,0.147,0.352,1.041,0.691
15_g,"(2336, 3504)",8185344,599188,7.32,176.41,138.13,138.09,203.9,203.66,161.77,171.98,269.07,27.24,23.64,33.9,65.17,0.147,0.319,1.142,1.025
15_h,"(2336, 3504)",8185344,641245,7.834,176.87,137.69,138.27,204.02,203.49,168.89,171.94,258.4,26.62,31.2,33.67,54.38,0.135,0.269,0.757,0.666
